[{"model": "display.snp", "pk": 1, "fields": {"name": "Red Hair and Anesthetics (rs1805007)", "summary": "have a 13-20x higher chance of having red hair. This snp is also associated with an increased response to anesthetics and an increased risk of melanoma.", "description": "Many cases of red hair are due to the rs1805007 SNP in the MC1R gene. This is significantly linked to a large proportion of Celtic ancestry. In addition, red head females  with the gene are linked to being more responsive to the anesthetics pentazocine, nalbuphine, and butorphanol."}}, {"model": "display.snp", "pk": 2, "fields": {"name": "Blue or Green Eyes (rs7495174)", "summary": "are more likely to have blue or green eyes.", "description": "On the OCA2 gene. Linked to blue and green eye color in Caucasians."}}, {"model": "display.snp", "pk": 3, "fields": {"name": "Muscle Composition (rs1815739)", "summary": "are more likely to have better performing muscles and be a sprinter.", "description": "The rs1815739 SNP is in the ACTN3 gene. People with a positive CC genotype are likely to have better performing muscles and be sprinters. This genotype encodes a polymorphism responsible for fast twitch muscle fibers responsible for generating force at high velocities."}}, {"model": "display.snp", "pk": 4, "fields": {"name": "Adventurous Personality (rs1800955)", "summary": "are less likely to have an adventurous personality.", "description": "fill in later"}}, {"model": "display.snp", "pk": 5, "fields": {"name": "Cilantro Soapiness (rs7107418)", "summary": "are more likely to think cilantro tastes like soap", "description": "fill in later"}}, {"model": "display.snp", "pk": 6, "fields": {"name": "Caffeine Consumption (rs4410790)", "summary": "are more likely to habitually consume more caffeine", "description": "todo"}}, {"model": "display.snp", "pk": 7, "fields": {"name": "Alcohol Flush Reaction (rs671)", "summary": "are more likely to have their face and neck turn red after drinking alcohol", "description": "todo"}}, {"model": "display.snp", "pk": 8, "fields": {"name": "Asparagus Odor Detection (rs4481887)", "summary": "are less likely to to be able to smell asparagus metabolites in urine", "description": "todo"}}, {"model": "display.snp", "pk": 9, "fields": {"name": "Blue vs Brown Eyes (rs12913832)", "summary": "are 99% more likely to have blue eye color.", "description": "n/a"}}, {"model": "display.snp", "pk": 10, "fields": {"name": "Lactose Intolerance (rs4988235)", "summary": "are likely to be lactose intolerant as an adult.", "description": "SNP rs4988235 is associated with lactose intolerance in adults. Individuals with a CC genotype are likely to be lactose intolerant as adults, while those with a TT genotype are able to digest milk."}}, {"model": "display.snp", "pk": 11, "fields": {"name": "Restless Leg Syndrome (rs3923809)", "summary": "are 2x more likely to develop restless leg syndrome", "description": "todo"}}, {"model": "display.snp", "pk": 12, "fields": {"name": "Tasting Bitterness (rs713598)", "summary": "are possibly unable to taste bitter in some foods", "description": "to do"}}, {"model": "display.snp", "pk": 13, "fields": {"name": "Earwax (rs17822931)", "summary": "have dry earwax and no body odor.", "description": "to do"}}, {"model": "display.snp", "pk": 14, "fields": {"name": "Skin Pigmentation (rs1426654)", "summary": "are more likely to be dark skinned.", "description": "fill in later"}}, {"model": "display.snp", "pk": 15, "fields": {"name": "Saturated Fat and Obesity (rs5082)", "summary": "are more likely to gain weight from a diet high in saturated fat", "description": "todo"}},
{"model": "display.subpopulation", "pk": 1, "fields": {"name": "European", "code": "EUR", "specific": false}}, {"model": "display.subpopulation", "pk": 2, "fields": {"name": "South Asian", "code": "SAS", "specific": false}}, {"model": "display.subpopulation", "pk": 3, "fields": {"name": "African", "code": "AFR", "specific": false}}, {"model": "display.subpopulation", "pk": 4, "fields": {"name": "American", "code": "AMR", "specific": false}}, {"model": "display.subpopulation", "pk": 5, "fields": {"name": "East Asian", "code": "EAS", "specific": false}}, {"model": "display.subpopulation", "pk": 6, "fields": {"name": "African Caribbean in Barbados", "code": "ACB", "specific": true}}, {"model": "display.subpopulation", "pk": 7, "fields": {"name": "African Ancestry in Southwest US", "code": "ASW", "specific": true}}, {"model": "display.subpopulation", "pk": 8, "fields": {"name": "Bengali in Bangladesh", "code": "BEB", "specific": true}}, {"model": "display.subpopulation", "pk": 9, "fields": {"name": "Chinese Dai in Xishuangbanna, China", "code": "CDX", "specific": true}}, {"model": "display.subpopulation", "pk": 10, "fields": {"name": "Utah residents (CEPH) with Northern and Western European ancestry", "code": "CEU", "specific": true}}, {"model": "display.subpopulation", "pk": 11, "fields": {"name": "Han Chinese in Beijing, China", "code": "CHB", "specific": true}}, {"model": "display.subpopulation", "pk": 12, "fields": {"name": "Chinese in Denver, Colorado", "code": "CHD", "specific": true}}, {"model": "display.subpopulation", "pk": 13, "fields": {"name": "Han Chinese South", "code": "CHS", "specific": true}}, {"model": "display.subpopulation", "pk": 14, "fields": {"name": "Colombian in Medellin, Colombia", "code": "CLM", "specific": true}}, {"model": "display.subpopulation", "pk": 15, "fields": {"name": "Esan in Nigeria", "code": "ESN", "specific": true}}, {"model": "display.subpopulation", "pk": 16, "fields": {"name": "Finnish in Finland", "code": "FIN", "specific": true}}, {"model": "display.subpopulation", "pk": 17, "fields": {"name": "British in England and Scotland", "code": "GBR", "specific": true}}, {"model": "display.subpopulation", "pk": 18, "fields": {"name": "Gujarati Indian in Houston, TX", "code": "GIH", "specific": true}}, {"model": "display.subpopulation", "pk": 19, "fields": {"name": "Gambian in Western Division, The Gambia", "code": "GWD", "specific": true}}, {"model": "display.subpopulation", "pk": 20, "fields": {"name": "Iberian populations in Spain", "code": "IBS", "specific": true}}, {"model": "display.subpopulation", "pk": 21, "fields": {"name": "Indian Telugu in the UK", "code": "ITU", "specific": true}}, {"model": "display.subpopulation", "pk": 22, "fields": {"name": "Japanese in Tokyo, Japan", "code": "JPT", "specific": true}}, {"model": "display.subpopulation", "pk": 23, "fields": {"name": "Kinh in Ho Chi Minh City, Vietnam", "code": "KHV", "specific": true}}, {"model": "display.subpopulation", "pk": 24, "fields": {"name": "Luhya in Webuye, Kenya", "code": "LWK", "specific": true}}, {"model": "display.subpopulation", "pk": 25, "fields": {"name": "Mende in Sierra Leone", "code": "MSL", "specific": true}}, {"model": "display.subpopulation", "pk": 26, "fields": {"name": "Mexican Ancestry in Los Angeles, California", "code": "MXL", "specific": true}}, {"model": "display.subpopulation", "pk": 27, "fields": {"name": "Peruvian in Lima, Peru", "code": "PEL", "specific": true}}, {"model": "display.subpopulation", "pk": 28, "fields": {"name": "Punjabi in Lahore, Pakistan", "code": "PJL", "specific": true}}, {"model": "display.subpopulation", "pk": 29, "fields": {"name": "Puerto Rican in Puerto Rico", "code": "PUR", "specific": true}}, {"model": "display.subpopulation", "pk": 30, "fields": {"name": "Sri Lankan Tamil in the UK", "code": "STU", "specific": true}}, {"model": "display.subpopulation", "pk": 31, "fields": {"name": "Toscani in Italy", "code": "TSI", "specific": true}}, {"model": "display.subpopulation", "pk": 32, "fields": {"name": "Yoruba in Ibadan, Nigeria", "code": "YRI", "specific": true}}, {"model": "display.subpopulation", "pk": 33, "fields": {"name": "All Ethnicities", "code": "ALL", "specific": false}}, {"model": "display.subpopulation", "pk": 34, "fields": {"name": "Maasai in Kinyawa, Kenya", "code": "MKK", "specific": true}},
{"model": "display.ethnicity", "pk": 1, "fields": {"name": "European", "lat": "54.526000", "lon": "15.255100", "populations": [1]}}, {"model": "display.ethnicity", "pk": 2, "fields": {"name": "South Asian", "lat": "25.037600", "lon": "76.456300", "populations": [2]}}, {"model": "display.ethnicity", "pk": 3, "fields": {"name": "African", "lat": "8.783200", "lon": "34.508500", "populations": [3]}}, {"model": "display.ethnicity", "pk": 4, "fields": {"name": "American", "lat": "38.907200", "lon": "77.036900", "populations": [4]}}, {"model": "display.ethnicity", "pk": 5, "fields": {"name": "East Asian", "lat": "38.794600", "lon": "106.000000", "populations": [5]}}, {"model": "display.ethnicity", "pk": 6, "fields": {"name": "African Caribbean", "lat": "21.469100", "lon": "79.000000", "populations": [3, 6]}}, {"model": "display.ethnicity", "pk": 7, "fields": {"name": "Bengali", "lat": "22.986800", "lon": "87.855000", "populations": [8, 2]}}, {"model": "display.ethnicity", "pk": 8, "fields": {"name": "African American", "lat": "40.000000", "lon": "95.000000", "populations": [3, 7]}}, {"model": "display.ethnicity", "pk": 9, "fields": {"name": "Chinese", "lat": "35.000000", "lon": "104.195400", "populations": [5, 9, 11, 13]}}, {"model": "display.ethnicity", "pk": 10, "fields": {"name": "Han Chinese", "lat": "40.861700", "lon": "104.195400", "populations": [11, 5, 13]}}, {"model": "display.ethnicity", "pk": 11, "fields": {"name": "Chinese Dai", "lat": "116.407395", "lon": "39.904211", "populations": [9, 5]}}, {"model": "display.ethnicity", "pk": 12, "fields": {"name": "Chinese American", "lat": "37.090200", "lon": "95.712900", "populations": [12, 5]}}, {"model": "display.ethnicity", "pk": 13, "fields": {"name": "European American", "lat": "37.090200", "lon": "95.712900", "populations": [1, 10]}}, {"model": "display.ethnicity", "pk": 14, "fields": {"name": "Colombian", "lat": "4.570900", "lon": "74.297300", "populations": [4, 14]}}, {"model": "display.ethnicity", "pk": 15, "fields": {"name": "Nigerian", "lat": "9.082000", "lon": "8.675300", "populations": [3, 15, 32]}}, {"model": "display.ethnicity", "pk": 16, "fields": {"name": "Finnish", "lat": "61.924100", "lon": "25.748200", "populations": [16, 1]}}, {"model": "display.ethnicity", "pk": 17, "fields": {"name": "British", "lat": "52.355500", "lon": "1.174300", "populations": [1, 17]}}, {"model": "display.ethnicity", "pk": 18, "fields": {"name": "Scottish", "lat": "56.490700", "lon": "4.202600", "populations": [1, 17]}}, {"model": "display.ethnicity", "pk": 19, "fields": {"name": "Gujarati", "lat": "22.258700", "lon": "71.192400", "populations": [2, 18]}}, {"model": "display.ethnicity", "pk": 20, "fields": {"name": "Gambian", "lat": "13.443200", "lon": "15.310100", "populations": [3, 19]}}, {"model": "display.ethnicity", "pk": 21, "fields": {"name": "Spanish", "lat": "40.463700", "lon": "3.749200", "populations": [1, 20]}}, {"model": "display.ethnicity", "pk": 22, "fields": {"name": "Telugu", "lat": "18.112400", "lon": "79.019300", "populations": [2, 21]}}, {"model": "display.ethnicity", "pk": 23, "fields": {"name": "Tamil", "lat": "37.642800", "lon": "24.807600", "populations": [2, 30]}}, {"model": "display.ethnicity", "pk": 24, "fields": {"name": "Indian", "lat": "20.593700", "lon": "78.962900", "populations": [2, 8, 18, 21, 28, 30]}}, {"model": "display.ethnicity", "pk": 25, "fields": {"name": "Sri Lankan", "lat": "7.873100", "lon": "80.771800", "populations": [2, 30]}}, {"model": "display.ethnicity", "pk": 26, "fields": {"name": "Punjabi", "lat": "31.147100", "lon": "75.341200", "populations": [2, 28]}}, {"model": "display.ethnicity", "pk": 27, "fields": {"name": "Pakistani", "lat": "30.375300", "lon": "69.345000", "populations": [2, 28]}}, {"model": "display.ethnicity", "pk": 28, "fields": {"name": "Japanese", "lat": "36.204800", "lon": "138.252900", "populations": [5, 22]}}, {"model": "display.ethnicity", "pk": 29, "fields": {"name": "Vietnamese", "lat": "14.058300", "lon": "108.277200", "populations": [5, 23]}}, {"model": "display.ethnicity", "pk": 30, "fields": {"name": "Esan", "lat": "12.104900", "lon": "76.961000", "populations": [3, 15]}}, {"model": "display.ethnicity", "pk": 31, "fields": {"name": "Yoruba", "lat": "7.629209", "lon": "7.629209", "populations": [32, 3]}}, {"model": "display.ethnicity", "pk": 32, "fields": {"name": "Kenyan", "lat": "0.023600", "lon": "37.906200", "populations": [24, 3, 34]}}, {"model": "display.ethnicity", "pk": 33, "fields": {"name": "Luhya", "lat": "4.038300", "lon": "21.758700", "populations": [24, 3]}}, {"model": "display.ethnicity", "pk": 34, "fields": {"name": "Mende", "lat": "44.517600", "lon": "3.501900", "populations": [25, 3]}}, {"model": "display.ethnicity", "pk": 35, "fields": {"name": "Sierra Leonean", "lat": "8.460600", "lon": "11.779900", "populations": [25, 3]}}, {"model": "display.ethnicity", "pk": 36, "fields": {"name": "Mexican", "lat": "23.634500", "lon": "102.552800", "populations": [26, 4]}}, {"model": "display.ethnicity", "pk": 37, "fields": {"name": "Mexican American", "lat": "37.090200", "lon": "95.712900", "populations": [26, 4]}}, {"model": "display.ethnicity", "pk": 38, "fields": {"name": "Peruvian", "lat": "9.190000", "lon": "75.015200", "populations": [27, 4]}}, {"model": "display.ethnicity", "pk": 39, "fields": {"name": "Puerto Rican", "lat": "18.220800", "lon": "66.590100", "populations": [4, 29]}}, {"model": "display.ethnicity", "pk": 40, "fields": {"name": "Italian", "lat": "41.871900", "lon": "12.567400", "populations": [1, 31]}}, {"model": "display.ethnicity", "pk": 41, "fields": {"name": "Central American", "lat": "12.769000", "lon": "85.602400", "populations": [26, 4]}}, {"model": "display.ethnicity", "pk": 42, "fields": {"name": "South American", "lat": "8.783200", "lon": "55.491500", "populations": [27, 4, 14]}}, {"model": "display.ethnicity", "pk": 43, "fields": {"name": "Caribbean", "lat": "21.469100", "lon": "78.656900", "populations": [29, 6]}}, {"model": "display.ethnicity", "pk": 44, "fields": {"name": "German", "lat": "51.165700", "lon": "10.451500", "populations": [1]}}, {"model": "display.ethnicity", "pk": 45, "fields": {"name": "Irish", "lat": "53.142400", "lon": "7.692100", "populations": [1, 17]}}, {"model": "display.ethnicity", "pk": 46, "fields": {"name": "Maasai", "lat": "1.474900", "lon": "35.129300", "populations": [34, 3]}},
{"model": "display.datapoint", "pk": 1, "fields": {"snp": 3, "sub_population": 3, "percent": 77}}, {"model": "display.datapoint", "pk": 2, "fields": {"snp": 3, "sub_population": 6, "percent": 77}}, {"model": "display.datapoint", "pk": 3, "fields": {"snp": 3, "sub_population": 24, "percent": 88}}, {"model": "display.datapoint", "pk": 4, "fields": {"snp": 3, "sub_population": 25, "percent": 79}}, {"model": "display.datapoint", "pk": 5, "fields": {"snp": 3, "sub_population": 32, "percent": 82}}, {"model": "display.datapoint", "pk": 6, "fields": {"snp": 3, "sub_population": 4, "percent": 16}}, {"model": "display.datapoint", "pk": 8, "fields": {"snp": 3, "sub_population": 14, "percent": 20}}, {"model": "display.datapoint", "pk": 10, "fields": {"snp": 3, "sub_population": 26, "percent": 12}}, {"model": "display.datapoint", "pk": 11, "fields": {"snp": 3, "sub_population": 27, "percent": 5}}, {"model": "display.datapoint", "pk": 12, "fields": {"snp": 3, "sub_population": 29, "percent": 24}}, {"model": "display.datapoint", "pk": 17, "fields": {"snp": 3, "sub_population": 5, "percent": 30}}, {"model": "display.datapoint", "pk": 19, "fields": {"snp": 3, "sub_population": 9, "percent": 30}}, {"model": "display.datapoint", "pk": 20, "fields": {"snp": 5, "sub_population": 33, "percent": 47}}, {"model": "display.datapoint", "pk": 21, "fields": {"snp": 3, "sub_population": 13, "percent": 35}}, {"model": "display.datapoint", "pk": 23, "fields": {"snp": 3, "sub_population": 22, "percent": 22}}, {"model": "display.datapoint", "pk": 24, "fields": {"snp": 3, "sub_population": 23, "percent": 33}}, {"model": "display.datapoint", "pk": 26, "fields": {"snp": 3, "sub_population": 1, "percent": 31}}, {"model": "display.datapoint", "pk": 29, "fields": {"snp": 3, "sub_population": 10, "percent": 21}}, {"model": "display.datapoint", "pk": 30, "fields": {"snp": 3, "sub_population": 16, "percent": 44}}, {"model": "display.datapoint", "pk": 31, "fields": {"snp": 5, "sub_population": 3, "percent": 62}}, {"model": "display.datapoint", "pk": 32, "fields": {"snp": 3, "sub_population": 17, "percent": 29}}, {"model": "display.datapoint", "pk": 33, "fields": {"snp": 5, "sub_population": 6, "percent": 60}}, {"model": "display.datapoint", "pk": 35, "fields": {"snp": 3, "sub_population": 20, "percent": 30}}, {"model": "display.datapoint", "pk": 37, "fields": {"snp": 5, "sub_population": 7, "percent": 59}}, {"model": "display.datapoint", "pk": 39, "fields": {"snp": 3, "sub_population": 31, "percent": 29}}, {"model": "display.datapoint", "pk": 40, "fields": {"snp": 5, "sub_population": 15, "percent": 67}}, {"model": "display.datapoint", "pk": 42, "fields": {"snp": 3, "sub_population": 8, "percent": 20}}, {"model": "display.datapoint", "pk": 44, "fields": {"snp": 3, "sub_population": 2, "percent": 15}}, {"model": "display.datapoint", "pk": 45, "fields": {"snp": 3, "sub_population": 8, "percent": 19}}, {"model": "display.datapoint", "pk": 47, "fields": {"snp": 3, "sub_population": 18, "percent": 13}}, {"model": "display.datapoint", "pk": 49, "fields": {"snp": 3, "sub_population": 21, "percent": 12}}, {"model": "display.datapoint", "pk": 51, "fields": {"snp": 5, "sub_population": 19, "percent": 57}}, {"model": "display.datapoint", "pk": 53, "fields": {"snp": 5, "sub_population": 24, "percent": 62}}, {"model": "display.datapoint", "pk": 54, "fields": {"snp": 3, "sub_population": 28, "percent": 24}}, {"model": "display.datapoint", "pk": 55, "fields": {"snp": 5, "sub_population": 25, "percent": 57}}, {"model": "display.datapoint", "pk": 57, "fields": {"snp": 3, "sub_population": 30, "percent": 9}}, {"model": "display.datapoint", "pk": 58, "fields": {"snp": 5, "sub_population": 32, "percent": 72}}, {"model": "display.datapoint", "pk": 63, "fields": {"snp": 5, "sub_population": 14, "percent": 43}}, {"model": "display.datapoint", "pk": 65, "fields": {"snp": 5, "sub_population": 4, "percent": 41}}, {"model": "display.datapoint", "pk": 66, "fields": {"snp": 5, "sub_population": 26, "percent": 47}}, {"model": "display.datapoint", "pk": 72, "fields": {"snp": 5, "sub_population": 27, "percent": 39}}, {"model": "display.datapoint", "pk": 73, "fields": {"snp": 5, "sub_population": 29, "percent": 39}}, {"model": "display.datapoint", "pk": 74, "fields": {"snp": 5, "sub_population": 5, "percent": 47}}, {"model": "display.datapoint", "pk": 75, "fields": {"snp": 5, "sub_population": 9, "percent": 41}}, {"model": "display.datapoint", "pk": 77, "fields": {"snp": 5, "sub_population": 11, "percent": 50}}, {"model": "display.datapoint", "pk": 78, "fields": {"snp": 5, "sub_population": 13, "percent": 53}}, {"model": "display.datapoint", "pk": 79, "fields": {"snp": 4, "sub_population": 33, "percent": 36}}, {"model": "display.datapoint", "pk": 80, "fields": {"snp": 5, "sub_population": 22, "percent": 48}}, {"model": "display.datapoint", "pk": 81, "fields": {"snp": 4, "sub_population": 3, "percent": 37}}, {"model": "display.datapoint", "pk": 82, "fields": {"snp": 5, "sub_population": 23, "percent": 41}}, {"model": "display.datapoint", "pk": 83, "fields": {"snp": 4, "sub_population": 6, "percent": 38}}, {"model": "display.datapoint", "pk": 84, "fields": {"snp": 5, "sub_population": 1, "percent": 42}}, {"model": "display.datapoint", "pk": 85, "fields": {"snp": 5, "sub_population": 10, "percent": 32}}, {"model": "display.datapoint", "pk": 86, "fields": {"snp": 4, "sub_population": 7, "percent": 39}}, {"model": "display.datapoint", "pk": 87, "fields": {"snp": 5, "sub_population": 16, "percent": 46}}, {"model": "display.datapoint", "pk": 88, "fields": {"snp": 5, "sub_population": 17, "percent": 47}}, {"model": "display.datapoint", "pk": 89, "fields": {"snp": 4, "sub_population": 15, "percent": 40}}, {"model": "display.datapoint", "pk": 90, "fields": {"snp": 5, "sub_population": 20, "percent": 48}}, {"model": "display.datapoint", "pk": 91, "fields": {"snp": 4, "sub_population": 19, "percent": 31}}, {"model": "display.datapoint", "pk": 92, "fields": {"snp": 5, "sub_population": 31, "percent": 39}}, {"model": "display.datapoint", "pk": 93, "fields": {"snp": 5, "sub_population": 2, "percent": 34}}, {"model": "display.datapoint", "pk": 94, "fields": {"snp": 4, "sub_population": 24, "percent": 27}}, {"model": "display.datapoint", "pk": 95, "fields": {"snp": 5, "sub_population": 8, "percent": 36}}, {"model": "display.datapoint", "pk": 96, "fields": {"snp": 4, "sub_population": 25, "percent": 41}}, {"model": "display.datapoint", "pk": 97, "fields": {"snp": 5, "sub_population": 18, "percent": 37}}, {"model": "display.datapoint", "pk": 98, "fields": {"snp": 4, "sub_population": 32, "percent": 44}}, {"model": "display.datapoint", "pk": 99, "fields": {"snp": 4, "sub_population": 4, "percent": 40}}, {"model": "display.datapoint", "pk": 100, "fields": {"snp": 5, "sub_population": 21, "percent": 27}}, {"model": "display.datapoint", "pk": 101, "fields": {"snp": 4, "sub_population": 14, "percent": 32}}, {"model": "display.datapoint", "pk": 102, "fields": {"snp": 5, "sub_population": 28, "percent": 40}}, {"model": "display.datapoint", "pk": 103, "fields": {"snp": 4, "sub_population": 26, "percent": 47}}, {"model": "display.datapoint", "pk": 104, "fields": {"snp": 5, "sub_population": 30, "percent": 33}}, {"model": "display.datapoint", "pk": 105, "fields": {"snp": 9, "sub_population": 3, "percent": 0}}, {"model": "display.datapoint", "pk": 106, "fields": {"snp": 4, "sub_population": 27, "percent": 41}}, {"model": "display.datapoint", "pk": 107, "fields": {"snp": 4, "sub_population": 29, "percent": 41}}, {"model": "display.datapoint", "pk": 108, "fields": {"snp": 5, "sub_population": 34, "percent": 53}}, {"model": "display.datapoint", "pk": 109, "fields": {"snp": 9, "sub_population": 4, "percent": 6}}, {"model": "display.datapoint", "pk": 110, "fields": {"snp": 9, "sub_population": 26, "percent": 9}}, {"model": "display.datapoint", "pk": 111, "fields": {"snp": 9, "sub_population": 29, "percent": 7}}, {"model": "display.datapoint", "pk": 112, "fields": {"snp": 9, "sub_population": 1, "percent": 45}}, {"model": "display.datapoint", "pk": 113, "fields": {"snp": 4, "sub_population": 5, "percent": 34}}, {"model": "display.datapoint", "pk": 114, "fields": {"snp": 9, "sub_population": 10, "percent": 57}}, {"model": "display.datapoint", "pk": 115, "fields": {"snp": 4, "sub_population": 9, "percent": 40}}, {"model": "display.datapoint", "pk": 116, "fields": {"snp": 9, "sub_population": 17, "percent": 68}}, {"model": "display.datapoint", "pk": 117, "fields": {"snp": 4, "sub_population": 11, "percent": 32}}, {"model": "display.datapoint", "pk": 118, "fields": {"snp": 9, "sub_population": 20, "percent": 9}}, {"model": "display.datapoint", "pk": 119, "fields": {"snp": 4, "sub_population": 13, "percent": 31}}, {"model": "display.datapoint", "pk": 120, "fields": {"snp": 9, "sub_population": 31, "percent": 15}}, {"model": "display.datapoint", "pk": 121, "fields": {"snp": 4, "sub_population": 22, "percent": 28}}, {"model": "display.datapoint", "pk": 122, "fields": {"snp": 4, "sub_population": 23, "percent": 40}}, {"model": "display.datapoint", "pk": 123, "fields": {"snp": 9, "sub_population": 28, "percent": 2}}, {"model": "display.datapoint", "pk": 124, "fields": {"snp": 4, "sub_population": 1, "percent": 36}}, {"model": "display.datapoint", "pk": 125, "fields": {"snp": 4, "sub_population": 10, "percent": 34}}, {"model": "display.datapoint", "pk": 126, "fields": {"snp": 4, "sub_population": 16, "percent": 40}}, {"model": "display.datapoint", "pk": 127, "fields": {"snp": 4, "sub_population": 17, "percent": 40}}, {"model": "display.datapoint", "pk": 128, "fields": {"snp": 4, "sub_population": 20, "percent": 29}}, {"model": "display.datapoint", "pk": 129, "fields": {"snp": 4, "sub_population": 31, "percent": 37}}, {"model": "display.datapoint", "pk": 130, "fields": {"snp": 4, "sub_population": 2, "percent": 32}}, {"model": "display.datapoint", "pk": 131, "fields": {"snp": 4, "sub_population": 8, "percent": 41}}, {"model": "display.datapoint", "pk": 132, "fields": {"snp": 4, "sub_population": 18, "percent": 25}}, {"model": "display.datapoint", "pk": 133, "fields": {"snp": 4, "sub_population": 21, "percent": 33}}, {"model": "display.datapoint", "pk": 134, "fields": {"snp": 4, "sub_population": 28, "percent": 30}}, {"model": "display.datapoint", "pk": 135, "fields": {"snp": 4, "sub_population": 30, "percent": 32}}, {"model": "display.datapoint", "pk": 136, "fields": {"snp": 7, "sub_population": 33, "percent": 6}}, {"model": "display.datapoint", "pk": 137, "fields": {"snp": 7, "sub_population": 3, "percent": 0}}, {"model": "display.datapoint", "pk": 138, "fields": {"snp": 7, "sub_population": 6, "percent": 1}}, {"model": "display.datapoint", "pk": 139, "fields": {"snp": 7, "sub_population": 7, "percent": 0}}, {"model": "display.datapoint", "pk": 140, "fields": {"snp": 7, "sub_population": 15, "percent": 0}}, {"model": "display.datapoint", "pk": 141, "fields": {"snp": 7, "sub_population": 19, "percent": 1}}, {"model": "display.datapoint", "pk": 142, "fields": {"snp": 7, "sub_population": 24, "percent": 0}}, {"model": "display.datapoint", "pk": 144, "fields": {"snp": 7, "sub_population": 25, "percent": 0}}, {"model": "display.datapoint", "pk": 145, "fields": {"snp": 7, "sub_population": 32, "percent": 0}}, {"model": "display.datapoint", "pk": 146, "fields": {"snp": 7, "sub_population": 4, "percent": 1}}, {"model": "display.datapoint", "pk": 147, "fields": {"snp": 7, "sub_population": 14, "percent": 0}}, {"model": "display.datapoint", "pk": 148, "fields": {"snp": 7, "sub_population": 26, "percent": 2}}, {"model": "display.datapoint", "pk": 149, "fields": {"snp": 7, "sub_population": 27, "percent": 1}}, {"model": "display.datapoint", "pk": 150, "fields": {"snp": 7, "sub_population": 29, "percent": 0}}, {"model": "display.datapoint", "pk": 151, "fields": {"snp": 7, "sub_population": 5, "percent": 31}}, {"model": "display.datapoint", "pk": 152, "fields": {"snp": 7, "sub_population": 9, "percent": 9}}, {"model": "display.datapoint", "pk": 153, "fields": {"snp": 7, "sub_population": 11, "percent": 28}}, {"model": "display.datapoint", "pk": 154, "fields": {"snp": 7, "sub_population": 13, "percent": 46}}, {"model": "display.datapoint", "pk": 155, "fields": {"snp": 7, "sub_population": 22, "percent": 43}}, {"model": "display.datapoint", "pk": 156, "fields": {"snp": 1, "sub_population": 33, "percent": 1}}, {"model": "display.datapoint", "pk": 157, "fields": {"snp": 1, "sub_population": 1, "percent": 1}}, {"model": "display.datapoint", "pk": 158, "fields": {"snp": 1, "sub_population": 10, "percent": 1}}, {"model": "display.datapoint", "pk": 159, "fields": {"snp": 1, "sub_population": 16, "percent": 1}}, {"model": "display.datapoint", "pk": 160, "fields": {"snp": 1, "sub_population": 17, "percent": 2}}, {"model": "display.datapoint", "pk": 161, "fields": {"snp": 7, "sub_population": 23, "percent": 25}}, {"model": "display.datapoint", "pk": 162, "fields": {"snp": 7, "sub_population": 1, "percent": 0}}, {"model": "display.datapoint", "pk": 163, "fields": {"snp": 7, "sub_population": 10, "percent": 0}}, {"model": "display.datapoint", "pk": 164, "fields": {"snp": 7, "sub_population": 16, "percent": 0}}, {"model": "display.datapoint", "pk": 165, "fields": {"snp": 7, "sub_population": 17, "percent": 0}}, {"model": "display.datapoint", "pk": 166, "fields": {"snp": 7, "sub_population": 20, "percent": 0}}, {"model": "display.datapoint", "pk": 167, "fields": {"snp": 7, "sub_population": 31, "percent": 0}}, {"model": "display.datapoint", "pk": 168, "fields": {"snp": 7, "sub_population": 2, "percent": 0}}, {"model": "display.datapoint", "pk": 169, "fields": {"snp": 7, "sub_population": 8, "percent": 0}}, {"model": "display.datapoint", "pk": 170, "fields": {"snp": 7, "sub_population": 18, "percent": 0}}, {"model": "display.datapoint", "pk": 171, "fields": {"snp": 7, "sub_population": 21, "percent": 0}}, {"model": "display.datapoint", "pk": 172, "fields": {"snp": 7, "sub_population": 28, "percent": 0}}, {"model": "display.datapoint", "pk": 173, "fields": {"snp": 7, "sub_population": 30, "percent": 0}}, {"model": "display.datapoint", "pk": 174, "fields": {"snp": 11, "sub_population": 33, "percent": 38}}, {"model": "display.datapoint", "pk": 175, "fields": {"snp": 11, "sub_population": 3, "percent": 52}}, {"model": "display.datapoint", "pk": 176, "fields": {"snp": 11, "sub_population": 6, "percent": 49}}, {"model": "display.datapoint", "pk": 177, "fields": {"snp": 11, "sub_population": 7, "percent": 44}}, {"model": "display.datapoint", "pk": 178, "fields": {"snp": 11, "sub_population": 15, "percent": 53}}, {"model": "display.datapoint", "pk": 179, "fields": {"snp": 11, "sub_population": 19, "percent": 67}}, {"model": "display.datapoint", "pk": 180, "fields": {"snp": 11, "sub_population": 24, "percent": 56}}, {"model": "display.datapoint", "pk": 181, "fields": {"snp": 11, "sub_population": 25, "percent": 47}}, {"model": "display.datapoint", "pk": 182, "fields": {"snp": 11, "sub_population": 32, "percent": 45}}, {"model": "display.datapoint", "pk": 183, "fields": {"snp": 6, "sub_population": 33, "percent": 30}}, {"model": "display.datapoint", "pk": 184, "fields": {"snp": 6, "sub_population": 3, "percent": 31}}, {"model": "display.datapoint", "pk": 185, "fields": {"snp": 6, "sub_population": 6, "percent": 32}}, {"model": "display.datapoint", "pk": 186, "fields": {"snp": 6, "sub_population": 7, "percent": 25}}, {"model": "display.datapoint", "pk": 187, "fields": {"snp": 6, "sub_population": 15, "percent": 29}}, {"model": "display.datapoint", "pk": 188, "fields": {"snp": 6, "sub_population": 19, "percent": 32}}, {"model": "display.datapoint", "pk": 189, "fields": {"snp": 6, "sub_population": 24, "percent": 32}}, {"model": "display.datapoint", "pk": 190, "fields": {"snp": 6, "sub_population": 25, "percent": 37}}, {"model": "display.datapoint", "pk": 191, "fields": {"snp": 6, "sub_population": 32, "percent": 29}}, {"model": "display.datapoint", "pk": 192, "fields": {"snp": 6, "sub_population": 4, "percent": 43}}, {"model": "display.datapoint", "pk": 193, "fields": {"snp": 6, "sub_population": 14, "percent": 31}}, {"model": "display.datapoint", "pk": 194, "fields": {"snp": 6, "sub_population": 26, "percent": 47}}, {"model": "display.datapoint", "pk": 195, "fields": {"snp": 6, "sub_population": 27, "percent": 80}}, {"model": "display.datapoint", "pk": 196, "fields": {"snp": 6, "sub_population": 29, "percent": 22}}, {"model": "display.datapoint", "pk": 197, "fields": {"snp": 6, "sub_population": 5, "percent": 35}}, {"model": "display.datapoint", "pk": 198, "fields": {"snp": 6, "sub_population": 9, "percent": 26}}, {"model": "display.datapoint", "pk": 199, "fields": {"snp": 6, "sub_population": 11, "percent": 32}}, {"model": "display.datapoint", "pk": 200, "fields": {"snp": 6, "sub_population": 13, "percent": 34}}, {"model": "display.datapoint", "pk": 201, "fields": {"snp": 6, "sub_population": 22, "percent": 50}}, {"model": "display.datapoint", "pk": 202, "fields": {"snp": 6, "sub_population": 23, "percent": 32}}, {"model": "display.datapoint", "pk": 203, "fields": {"snp": 6, "sub_population": 1, "percent": 16}}, {"model": "display.datapoint", "pk": 204, "fields": {"snp": 6, "sub_population": 10, "percent": 21}}, {"model": "display.datapoint", "pk": 205, "fields": {"snp": 6, "sub_population": 16, "percent": 8}}, {"model": "display.datapoint", "pk": 206, "fields": {"snp": 6, "sub_population": 17, "percent": 13}}, {"model": "display.datapoint", "pk": 207, "fields": {"snp": 6, "sub_population": 20, "percent": 20}}, {"model": "display.datapoint", "pk": 208, "fields": {"snp": 6, "sub_population": 31, "percent": 16}}, {"model": "display.datapoint", "pk": 209, "fields": {"snp": 6, "sub_population": 2, "percent": 27}}, {"model": "display.datapoint", "pk": 210, "fields": {"snp": 6, "sub_population": 8, "percent": 24}}, {"model": "display.datapoint", "pk": 211, "fields": {"snp": 6, "sub_population": 18, "percent": 27}}, {"model": "display.datapoint", "pk": 212, "fields": {"snp": 6, "sub_population": 21, "percent": 30}}, {"model": "display.datapoint", "pk": 213, "fields": {"snp": 6, "sub_population": 28, "percent": 21}}, {"model": "display.datapoint", "pk": 214, "fields": {"snp": 6, "sub_population": 30, "percent": 30}}, {"model": "display.datapoint", "pk": 215, "fields": {"snp": 6, "sub_population": 34, "percent": 33}}, {"model": "display.datapoint", "pk": 216, "fields": {"snp": 12, "sub_population": 33, "percent": 28}}, {"model": "display.datapoint", "pk": 217, "fields": {"snp": 12, "sub_population": 3, "percent": 23}}, {"model": "display.datapoint", "pk": 218, "fields": {"snp": 12, "sub_population": 6, "percent": 24}}, {"model": "display.datapoint", "pk": 219, "fields": {"snp": 12, "sub_population": 7, "percent": 31}}, {"model": "display.datapoint", "pk": 220, "fields": {"snp": 12, "sub_population": 15, "percent": 23}}, {"model": "display.datapoint", "pk": 221, "fields": {"snp": 12, "sub_population": 19, "percent": 18}}, {"model": "display.datapoint", "pk": 222, "fields": {"snp": 12, "sub_population": 24, "percent": 25}}, {"model": "display.datapoint", "pk": 223, "fields": {"snp": 12, "sub_population": 25, "percent": 26}}, {"model": "display.datapoint", "pk": 224, "fields": {"snp": 12, "sub_population": 32, "percent": 20}}, {"model": "display.datapoint", "pk": 225, "fields": {"snp": 12, "sub_population": 4, "percent": 12}}, {"model": "display.datapoint", "pk": 226, "fields": {"snp": 12, "sub_population": 14, "percent": 28}}, {"model": "display.datapoint", "pk": 227, "fields": {"snp": 12, "sub_population": 26, "percent": 45}}, {"model": "display.datapoint", "pk": 228, "fields": {"snp": 12, "sub_population": 27, "percent": 73}}, {"model": "display.datapoint", "pk": 229, "fields": {"snp": 12, "sub_population": 29, "percent": 32}}, {"model": "display.datapoint", "pk": 230, "fields": {"snp": 12, "sub_population": 5, "percent": 47}}, {"model": "display.datapoint", "pk": 231, "fields": {"snp": 12, "sub_population": 9, "percent": 53}}, {"model": "display.datapoint", "pk": 232, "fields": {"snp": 12, "sub_population": 11, "percent": 48}}, {"model": "display.datapoint", "pk": 233, "fields": {"snp": 12, "sub_population": 13, "percent": 45}}, {"model": "display.datapoint", "pk": 234, "fields": {"snp": 12, "sub_population": 22, "percent": 35}}, {"model": "display.datapoint", "pk": 235, "fields": {"snp": 12, "sub_population": 23, "percent": 56}}, {"model": "display.datapoint", "pk": 236, "fields": {"snp": 12, "sub_population": 1, "percent": 18}}, {"model": "display.datapoint", "pk": 237, "fields": {"snp": 12, "sub_population": 10, "percent": 14}}, {"model": "display.datapoint", "pk": 238, "fields": {"snp": 12, "sub_population": 16, "percent": 12}}, {"model": "display.datapoint", "pk": 239, "fields": {"snp": 12, "sub_population": 17, "percent": 14}}, {"model": "display.datapoint", "pk": 240, "fields": {"snp": 12, "sub_population": 20, "percent": 21}}, {"model": "display.datapoint", "pk": 241, "fields": {"snp": 12, "sub_population": 31, "percent": 29}}, {"model": "display.datapoint", "pk": 242, "fields": {"snp": 12, "sub_population": 2, "percent": 14}}, {"model": "display.datapoint", "pk": 243, "fields": {"snp": 12, "sub_population": 8, "percent": 14}}, {"model": "display.datapoint", "pk": 244, "fields": {"snp": 12, "sub_population": 18, "percent": 17}}, {"model": "display.datapoint", "pk": 245, "fields": {"snp": 12, "sub_population": 21, "percent": 10}}, {"model": "display.datapoint", "pk": 246, "fields": {"snp": 12, "sub_population": 28, "percent": 22}}, {"model": "display.datapoint", "pk": 247, "fields": {"snp": 12, "sub_population": 30, "percent": 9}}, {"model": "display.datapoint", "pk": 248, "fields": {"snp": 13, "sub_population": 33, "percent": 18}}, {"model": "display.datapoint", "pk": 249, "fields": {"snp": 10, "sub_population": 33, "percent": 75}}, {"model": "display.datapoint", "pk": 250, "fields": {"snp": 10, "sub_population": 3, "percent": 95}}, {"model": "display.datapoint", "pk": 251, "fields": {"snp": 10, "sub_population": 6, "percent": 87}}, {"model": "display.datapoint", "pk": 252, "fields": {"snp": 10, "sub_population": 7, "percent": 70}}, {"model": "display.datapoint", "pk": 253, "fields": {"snp": 13, "sub_population": 7, "percent": 2}}, {"model": "display.datapoint", "pk": 254, "fields": {"snp": 13, "sub_population": 4, "percent": 1}}, {"model": "display.datapoint", "pk": 255, "fields": {"snp": 10, "sub_population": 15, "percent": 100}}, {"model": "display.datapoint", "pk": 256, "fields": {"snp": 13, "sub_population": 26, "percent": 3}}, {"model": "display.datapoint", "pk": 257, "fields": {"snp": 10, "sub_population": 24, "percent": 100}}, {"model": "display.datapoint", "pk": 258, "fields": {"snp": 13, "sub_population": 27, "percent": 4}}, {"model": "display.datapoint", "pk": 259, "fields": {"snp": 13, "sub_population": 5, "percent": 63}}, {"model": "display.datapoint", "pk": 260, "fields": {"snp": 13, "sub_population": 9, "percent": 29}}, {"model": "display.datapoint", "pk": 261, "fields": {"snp": 10, "sub_population": 25, "percent": 100}}, {"model": "display.datapoint", "pk": 262, "fields": {"snp": 13, "sub_population": 13, "percent": 72}}, {"model": "display.datapoint", "pk": 263, "fields": {"snp": 10, "sub_population": 32, "percent": 100}}, {"model": "display.datapoint", "pk": 264, "fields": {"snp": 10, "sub_population": 4, "percent": 63}}, {"model": "display.datapoint", "pk": 265, "fields": {"snp": 13, "sub_population": 22, "percent": 78}}, {"model": "display.datapoint", "pk": 266, "fields": {"snp": 10, "sub_population": 14, "percent": 52}}, {"model": "display.datapoint", "pk": 267, "fields": {"snp": 13, "sub_population": 23, "percent": 37}}, {"model": "display.datapoint", "pk": 268, "fields": {"snp": 10, "sub_population": 26, "percent": 57}}, {"model": "display.datapoint", "pk": 269, "fields": {"snp": 13, "sub_population": 1, "percent": 2}}, {"model": "display.datapoint", "pk": 270, "fields": {"snp": 10, "sub_population": 27, "percent": 81}}, {"model": "display.datapoint", "pk": 271, "fields": {"snp": 13, "sub_population": 10, "percent": 2}}, {"model": "display.datapoint", "pk": 272, "fields": {"snp": 10, "sub_population": 29, "percent": 61}}, {"model": "display.datapoint", "pk": 273, "fields": {"snp": 13, "sub_population": 16, "percent": 7}}, {"model": "display.datapoint", "pk": 274, "fields": {"snp": 10, "sub_population": 5, "percent": 100}}, {"model": "display.datapoint", "pk": 275, "fields": {"snp": 13, "sub_population": 17, "percent": 1}}, {"model": "display.datapoint", "pk": 276, "fields": {"snp": 10, "sub_population": 1, "percent": 30}}, {"model": "display.datapoint", "pk": 277, "fields": {"snp": 10, "sub_population": 10, "percent": 7}}, {"model": "display.datapoint", "pk": 278, "fields": {"snp": 10, "sub_population": 16, "percent": 14}}, {"model": "display.datapoint", "pk": 279, "fields": {"snp": 10, "sub_population": 17, "percent": 10}}, {"model": "display.datapoint", "pk": 280, "fields": {"snp": 13, "sub_population": 31, "percent": 2}}, {"model": "display.datapoint", "pk": 281, "fields": {"snp": 10, "sub_population": 20, "percent": 31}}, {"model": "display.datapoint", "pk": 282, "fields": {"snp": 13, "sub_population": 2, "percent": 23}}, {"model": "display.datapoint", "pk": 283, "fields": {"snp": 10, "sub_population": 31, "percent": 84}}, {"model": "display.datapoint", "pk": 284, "fields": {"snp": 13, "sub_population": 8, "percent": 23}}, {"model": "display.datapoint", "pk": 285, "fields": {"snp": 13, "sub_population": 18, "percent": 18}}, {"model": "display.datapoint", "pk": 286, "fields": {"snp": 10, "sub_population": 2, "percent": 79}}, {"model": "display.datapoint", "pk": 287, "fields": {"snp": 10, "sub_population": 8, "percent": 88}}, {"model": "display.datapoint", "pk": 288, "fields": {"snp": 8, "sub_population": 33, "percent": 71}}, {"model": "display.datapoint", "pk": 289, "fields": {"snp": 13, "sub_population": 21, "percent": 32}}, {"model": "display.datapoint", "pk": 290, "fields": {"snp": 10, "sub_population": 18, "percent": 73}}, {"model": "display.datapoint", "pk": 291, "fields": {"snp": 8, "sub_population": 3, "percent": 81}}, {"model": "display.datapoint", "pk": 292, "fields": {"snp": 8, "sub_population": 6, "percent": 83}}, {"model": "display.datapoint", "pk": 293, "fields": {"snp": 10, "sub_population": 21, "percent": 89}}, {"model": "display.datapoint", "pk": 294, "fields": {"snp": 13, "sub_population": 28, "percent": 13}}, {"model": "display.datapoint", "pk": 295, "fields": {"snp": 13, "sub_population": 30, "percent": 29}}, {"model": "display.datapoint", "pk": 296, "fields": {"snp": 8, "sub_population": 7, "percent": 72}}, {"model": "display.datapoint", "pk": 297, "fields": {"snp": 10, "sub_population": 28, "percent": 55}}, {"model": "display.datapoint", "pk": 298, "fields": {"snp": 8, "sub_population": 15, "percent": 83}}, {"model": "display.datapoint", "pk": 299, "fields": {"snp": 10, "sub_population": 30, "percent": 90}}, {"model": "display.datapoint", "pk": 300, "fields": {"snp": 8, "sub_population": 19, "percent": 81}}, {"model": "display.datapoint", "pk": 301, "fields": {"snp": 8, "sub_population": 24, "percent": 83}}, {"model": "display.datapoint", "pk": 302, "fields": {"snp": 8, "sub_population": 25, "percent": 85}}, {"model": "display.datapoint", "pk": 303, "fields": {"snp": 8, "sub_population": 32, "percent": 79}}, {"model": "display.datapoint", "pk": 304, "fields": {"snp": 8, "sub_population": 4, "percent": 62}}, {"model": "display.datapoint", "pk": 305, "fields": {"snp": 8, "sub_population": 14, "percent": 54}}, {"model": "display.datapoint", "pk": 306, "fields": {"snp": 11, "sub_population": 4, "percent": 43}}, {"model": "display.datapoint", "pk": 307, "fields": {"snp": 11, "sub_population": 14, "percent": 45}}, {"model": "display.datapoint", "pk": 308, "fields": {"snp": 8, "sub_population": 26, "percent": 50}}, {"model": "display.datapoint", "pk": 309, "fields": {"snp": 11, "sub_population": 26, "percent": 30}}, {"model": "display.datapoint", "pk": 310, "fields": {"snp": 8, "sub_population": 27, "percent": 79}}, {"model": "display.datapoint", "pk": 311, "fields": {"snp": 11, "sub_population": 27, "percent": 39}}, {"model": "display.datapoint", "pk": 312, "fields": {"snp": 8, "sub_population": 29, "percent": 64}}, {"model": "display.datapoint", "pk": 313, "fields": {"snp": 8, "sub_population": 5, "percent": 75}}, {"model": "display.datapoint", "pk": 314, "fields": {"snp": 8, "sub_population": 9, "percent": 75}}, {"model": "display.datapoint", "pk": 315, "fields": {"snp": 11, "sub_population": 29, "percent": 52}}, {"model": "display.datapoint", "pk": 316, "fields": {"snp": 8, "sub_population": 11, "percent": 72}}, {"model": "display.datapoint", "pk": 317, "fields": {"snp": 11, "sub_population": 5, "percent": 14}}, {"model": "display.datapoint", "pk": 318, "fields": {"snp": 8, "sub_population": 13, "percent": 80}}, {"model": "display.datapoint", "pk": 319, "fields": {"snp": 8, "sub_population": 22, "percent": 70}}, {"model": "display.datapoint", "pk": 320, "fields": {"snp": 11, "sub_population": 9, "percent": 22}}, {"model": "display.datapoint", "pk": 321, "fields": {"snp": 8, "sub_population": 23, "percent": 77}}, {"model": "display.datapoint", "pk": 322, "fields": {"snp": 11, "sub_population": 11, "percent": 14}}, {"model": "display.datapoint", "pk": 323, "fields": {"snp": 11, "sub_population": 13, "percent": 18}}, {"model": "display.datapoint", "pk": 324, "fields": {"snp": 11, "sub_population": 22, "percent": 13}}, {"model": "display.datapoint", "pk": 325, "fields": {"snp": 8, "sub_population": 1, "percent": 53}}, {"model": "display.datapoint", "pk": 326, "fields": {"snp": 11, "sub_population": 23, "percent": 61}}, {"model": "display.datapoint", "pk": 327, "fields": {"snp": 8, "sub_population": 10, "percent": 47}}, {"model": "display.datapoint", "pk": 328, "fields": {"snp": 8, "sub_population": 16, "percent": 72}}, {"model": "display.datapoint", "pk": 329, "fields": {"snp": 11, "sub_population": 1, "percent": 47}}, {"model": "display.datapoint", "pk": 330, "fields": {"snp": 11, "sub_population": 10, "percent": 52}}, {"model": "display.datapoint", "pk": 331, "fields": {"snp": 8, "sub_population": 17, "percent": 59}}, {"model": "display.datapoint", "pk": 332, "fields": {"snp": 11, "sub_population": 16, "percent": 38}}, {"model": "display.datapoint", "pk": 333, "fields": {"snp": 8, "sub_population": 20, "percent": 46}}, {"model": "display.datapoint", "pk": 334, "fields": {"snp": 11, "sub_population": 17, "percent": 52}}, {"model": "display.datapoint", "pk": 335, "fields": {"snp": 8, "sub_population": 31, "percent": 41}}, {"model": "display.datapoint", "pk": 336, "fields": {"snp": 11, "sub_population": 20, "percent": 46}}, {"model": "display.datapoint", "pk": 337, "fields": {"snp": 11, "sub_population": 31, "percent": 48}}, {"model": "display.datapoint", "pk": 338, "fields": {"snp": 8, "sub_population": 2, "percent": 80}}, {"model": "display.datapoint", "pk": 339, "fields": {"snp": 11, "sub_population": 2, "percent": 33}}, {"model": "display.datapoint", "pk": 340, "fields": {"snp": 8, "sub_population": 8, "percent": 84}}, {"model": "display.datapoint", "pk": 341, "fields": {"snp": 11, "sub_population": 8, "percent": 35}}, {"model": "display.datapoint", "pk": 342, "fields": {"snp": 8, "sub_population": 18, "percent": 81}}, {"model": "display.datapoint", "pk": 343, "fields": {"snp": 8, "sub_population": 21, "percent": 78}}, {"model": "display.datapoint", "pk": 344, "fields": {"snp": 11, "sub_population": 18, "percent": 27}}, {"model": "display.datapoint", "pk": 345, "fields": {"snp": 8, "sub_population": 28, "percent": 78}}, {"model": "display.datapoint", "pk": 346, "fields": {"snp": 11, "sub_population": 21, "percent": 29}}, {"model": "display.datapoint", "pk": 347, "fields": {"snp": 8, "sub_population": 30, "percent": 80}}, {"model": "display.datapoint", "pk": 348, "fields": {"snp": 11, "sub_population": 28, "percent": 42}}, {"model": "display.datapoint", "pk": 349, "fields": {"snp": 11, "sub_population": 30, "percent": 31}}, {"model": "display.datapoint", "pk": 350, "fields": {"snp": 14, "sub_population": 33, "percent": 48}}, {"model": "display.datapoint", "pk": 351, "fields": {"snp": 14, "sub_population": 3, "percent": 86}}, {"model": "display.datapoint", "pk": 352, "fields": {"snp": 14, "sub_population": 6, "percent": 81}}, {"model": "display.datapoint", "pk": 353, "fields": {"snp": 14, "sub_population": 7, "percent": 62}}, {"model": "display.datapoint", "pk": 354, "fields": {"snp": 14, "sub_population": 15, "percent": 95}}, {"model": "display.datapoint", "pk": 355, "fields": {"snp": 14, "sub_population": 19, "percent": 86}}, {"model": "display.datapoint", "pk": 356, "fields": {"snp": 14, "sub_population": 24, "percent": 86}}, {"model": "display.datapoint", "pk": 357, "fields": {"snp": 14, "sub_population": 25, "percent": 83}}, {"model": "display.datapoint", "pk": 358, "fields": {"snp": 14, "sub_population": 32, "percent": 97}}, {"model": "display.datapoint", "pk": 359, "fields": {"snp": 14, "sub_population": 4, "percent": 22}}, {"model": "display.datapoint", "pk": 360, "fields": {"snp": 14, "sub_population": 14, "percent": 10}}, {"model": "display.datapoint", "pk": 361, "fields": {"snp": 14, "sub_population": 26, "percent": 27}}, {"model": "display.datapoint", "pk": 362, "fields": {"snp": 14, "sub_population": 27, "percent": 51}}, {"model": "display.datapoint", "pk": 363, "fields": {"snp": 14, "sub_population": 29, "percent": 8}}, {"model": "display.datapoint", "pk": 364, "fields": {"snp": 14, "sub_population": 5, "percent": 98}}, {"model": "display.datapoint", "pk": 365, "fields": {"snp": 14, "sub_population": 9, "percent": 100}}, {"model": "display.datapoint", "pk": 366, "fields": {"snp": 14, "sub_population": 11, "percent": 94}}, {"model": "display.datapoint", "pk": 367, "fields": {"snp": 14, "sub_population": 13, "percent": 96}}, {"model": "display.datapoint", "pk": 368, "fields": {"snp": 14, "sub_population": 22, "percent": 99}}, {"model": "display.datapoint", "pk": 369, "fields": {"snp": 14, "sub_population": 23, "percent": 99}}, {"model": "display.datapoint", "pk": 370, "fields": {"snp": 15, "sub_population": 33, "percent": 1}}, {"model": "display.datapoint", "pk": 371, "fields": {"snp": 14, "sub_population": 2, "percent": 14}}, {"model": "display.datapoint", "pk": 372, "fields": {"snp": 15, "sub_population": 3, "percent": 1}}, {"model": "display.datapoint", "pk": 373, "fields": {"snp": 14, "sub_population": 8, "percent": 22}}, {"model": "display.datapoint", "pk": 374, "fields": {"snp": 15, "sub_population": 6, "percent": 1}}, {"model": "display.datapoint", "pk": 375, "fields": {"snp": 14, "sub_population": 21, "percent": 13}}, {"model": "display.datapoint", "pk": 376, "fields": {"snp": 14, "sub_population": 28, "percent": 7}}, {"model": "display.datapoint", "pk": 377, "fields": {"snp": 14, "sub_population": 30, "percent": 28}}, {"model": "display.datapoint", "pk": 378, "fields": {"snp": 15, "sub_population": 7, "percent": 0}}, {"model": "display.datapoint", "pk": 379, "fields": {"snp": 15, "sub_population": 15, "percent": 0}}, {"model": "display.datapoint", "pk": 380, "fields": {"snp": 15, "sub_population": 19, "percent": 1}}, {"model": "display.datapoint", "pk": 381, "fields": {"snp": 15, "sub_population": 24, "percent": 0}}, {"model": "display.datapoint", "pk": 382, "fields": {"snp": 15, "sub_population": 25, "percent": 1}}, {"model": "display.datapoint", "pk": 383, "fields": {"snp": 15, "sub_population": 32, "percent": 1}}, {"model": "display.datapoint", "pk": 384, "fields": {"snp": 15, "sub_population": 4, "percent": 1}}, {"model": "display.datapoint", "pk": 385, "fields": {"snp": 15, "sub_population": 14, "percent": 2}}, {"model": "display.datapoint", "pk": 386, "fields": {"snp": 15, "sub_population": 26, "percent": 0}}, {"model": "display.datapoint", "pk": 387, "fields": {"snp": 15, "sub_population": 27, "percent": 0}}, {"model": "display.datapoint", "pk": 388, "fields": {"snp": 15, "sub_population": 29, "percent": 1}}, {"model": "display.datapoint", "pk": 389, "fields": {"snp": 15, "sub_population": 5, "percent": 0}}, {"model": "display.datapoint", "pk": 390, "fields": {"snp": 15, "sub_population": 9, "percent": 1}},
{"model": "display.datapoint", "pk": 391, "fields": {"snp": 15, "sub_population": 11, "percent": 0}}, {"model": "display.datapoint", "pk": 392, "fields": {"snp": 15, "sub_population": 13, "percent": 0}}, {"model": "display.datapoint", "pk": 393, "fields": {"snp": 15, "sub_population": 23, "percent": 0}}, {"model": "display.datapoint", "pk": 394, "fields": {"snp": 15, "sub_population": 1, "percent": 2}}, {"model": "display.datapoint", "pk": 395, "fields": {"snp": 15, "sub_population": 10, "percent": 2}}, {"model": "display.datapoint", "pk": 396, "fields": {"snp": 15, "sub_population": 16, "percent": 1}}, {"model": "display.datapoint", "pk": 397, "fields": {"snp": 15, "sub_population": 17, "percent": 1}}, {"model": "display.datapoint", "pk": 398, "fields": {"snp": 15, "sub_population": 20, "percent": 1}}, {"model": "display.datapoint", "pk": 399, "fields": {"snp": 15, "sub_population": 31, "percent": 2}}, {"model": "display.datapoint", "pk": 400, "fields": {"snp": 15, "sub_population": 2, "percent": 1}}, {"model": "display.datapoint", "pk": 401, "fields": {"snp": 15, "sub_population": 8, "percent": 1}}, {"model": "display.datapoint", "pk": 402, "fields": {"snp": 15, "sub_population": 18, "percent": 0}}, {"model": "display.datapoint", "pk": 403, "fields": {"snp": 15, "sub_population": 21, "percent": 1}}, {"model": "display.datapoint", "pk": 404, "fields": {"snp": 15, "sub_population": 28, "percent": 1}}, {"model": "display.datapoint", "pk": 405, "fields": {"snp": 15, "sub_population": 30, "percent": 0}}]
